{
  "success": true,
  "timestamp": 1492285148,
  "source": "USD",
  "quotes": {
    "USDAED": 3.672404,
    "USDAFN": 67.150002,
    "USDALL": 127.503989,
    "USDAMD": 485.589996,
    "USDANG": 1.790403,
    "USDAOA": 165.085999,
    "USDARS": 15.139041,
    "USDAUD": 1.318304,
    "USDAWG": 1.79,
    "USDAZN": 1.702104,
    "USDBAM": 1.845604,
    "USDBBD": 2,
    "USDBDT": 80.870003,
    "USDBGN": 1.839904,
    "USDBHD": 0.376304,
    "USDBIF": 1697.199951,
    "USDBMD": 1,
    "USDBND": 1.397041,
    "USDBOB": 6.880399,
    "USDBRL": 3.143804,
    "USDBSD": 1,
    "USDBTC": 0.000839,
    "USDBTN": 64.400002,
    "USDBWP": 10.510204,
    "USDBYN": 1.880398,
    "USDBYR": 20020,
    "USDBZD": 1.997804,
    "USDCAD": 1.332504,
    "USDCDF": 1369.000362,
    "USDCHF": 1.006041,
    "USDCLF": 0.02425,
    "USDCLP": 649.000361,
    "USDCNY": 6.883404,
    "USDCOP": 2864,
    "USDCRC": 555.359985,
    "USDCUC": 1,
    "USDCUP": 1.00036,
    "USDCVE": 103.930394,
    "USDCZK": 25.122999,
    "USDDJF": 177.699997,
    "USDDKK": 7.013204,
    "USDDOP": 46.970001,
    "USDDZD": 110.134003,
    "USDEEK": 14.52304,
    "USDEGP": 18.049999,
    "USDERN": 15.280392,
    "USDETB": 22.700001,
    "USDEUR": 0.942104,
    "USDFJD": 2.087504,
    "USDFKP": 0.797604,
    "USDGBP": 0.79875,
    "USDGEL": 2.379604,
    "USDGGP": 0.798722,
    "USDGHS": 4.183504,
    "USDGIP": 0.797904,
    "USDGMD": 44.049999,
    "USDGNF": 9200.000355,
    "USDGTQ": 7.338504,
    "USDGYD": 204.289993,
    "USDHKD": 7.771404,
    "USDHNL": 23.410388,
    "USDHRK": 6.95304,
    "USDHTG": 66.300003,
    "USDHUF": 294.420013,
    "USDIDR": 13253,
    "USDILS": 3.650104,
    "USDIMP": 0.798722,
    "USDINR": 64.45904,
    "USDIQD": 1181,
    "USDIRR": 32436.000352,
    "USDISK": 111.650002,
    "USDJEP": 0.798722,
    "USDJMD": 127.769997,
    "USDJOD": 0.709304,
    "USDJPY": 108.480003,
    "USDKES": 103.150002,
    "USDKGS": 68.324997,
    "USDKHR": 3990.00035,
    "USDKMF": 463.250384,
    "USDKPW": 900.00035,
    "USDKRW": 1134.949951,
    "USDKWD": 0.304504,
    "USDKYD": 0.820383,
    "USDKZT": 310.809998,
    "USDLAK": 8190.000349,
    "USDLBP": 1506.699951,
    "USDLKR": 151.979996,
    "USDLRD": 91.000348,
    "USDLSL": 13.40377,
    "USDLTL": 3.048704,
    "USDLVL": 0.62055,
    "USDLYD": 1.420204,
    "USDMAD": 10.069504,
    "USDMDL": 19.155001,
    "USDMGA": 3180.000347,
    "USDMKD": 57.66038,
    "USDMMK": 1355.000346,
    "USDMNT": 2396.000346,
    "USDMOP": 8.004604,
    "USDMRO": 357.000346,
    "USDMUR": 35.250378,
    "USDMVR": 15.320378,
    "USDMWK": 717.789978,
    "USDMXN": 18.497039,
    "USDMYR": 4.405039,
    "USDMZN": 70.440002,
    "USDNAD": 13.409039,
    "USDNGN": 314.000344,
    "USDNIO": 29.403722,
    "USDNOK": 8.565204,
    "USDNPR": 102.699997,
    "USDNZD": 1.426704,
    "USDOMR": 0.384404,
    "USDPAB": 1,
    "USDPEN": 3.247504,
    "USDPGK": 3.275039,
    "USDPHP": 49.470001,
    "USDPKR": 104.699997,
    "USDPLN": 3.989404,
    "USDPYG": 5495.000341,
    "USDQAR": 3.640204,
    "USDRON": 4.265204,
    "USDRSD": 115.625298,
    "USDRUB": 56.328999,
    "USDRWF": 818.359985,
    "USDSAR": 3.749604,
    "USDSBD": 7.849904,
    "USDSCR": 13.334038,
    "USDSDG": 6.660372,
    "USDSEK": 9.01795,
    "USDSGD": 1.39682,
    "USDSHP": 0.797904,
    "USDSLL": 7450.000338,
    "USDSOS": 547.000338,
    "USDSRD": 7.48037,
    "USDSTD": 23093.5,
    "USDSVC": 8.722038,
    "USDSYP": 514.97998,
    "USDSZL": 13.42037,
    "USDTHB": 34.330002,
    "USDTJS": 8.488604,
    "USDTMT": 3.4,
    "USDTND": 2.315804,
    "USDTOP": 2.290604,
    "USDTRY": 3.729304,
    "USDTTD": 6.709504,
    "USDTWD": 30.371038,
    "USDTZS": 2227.000335,
    "USDUAH": 26.805038,
    "USDUGX": 3609.000335,
    "USDUSD": 1,
    "USDUYU": 28.469999,
    "USDUZS": 3640.000334,
    "USDVEF": 9.974804,
    "USDVND": 22749,
    "USDVUV": 109.250366,
    "USDWST": 2.584204,
    "USDXAF": 617.599976,
    "USDXAG": 0.053937,
    "USDXAU": 0.000777,
    "USDXCD": 2.703604,
    "USDXDR": 0.736167,
    "USDXOF": 618.200012,
    "USDXPF": 111.839996,
    "USDYER": 249.949997,
    "USDZAR": 13.403804,
    "USDZMK": 5156.103591,
    "USDZMW": 9.390363,
    "USDZWL": 322.355011
  }
}